{
  "expected": {
    "11111111": 0.50076,
    "00000000": 0.49924
  },
  "tolerance": 0.1,
  "aer_shots": 100000
}
