{
  "expected": {
    "1111": 0.50155,
    "0000": 0.49845
  },
  "tolerance": 0.1,
  "aer_shots": 100000
}
