{
  "expected": {
    "00": 0.49981,
    "01": 0.50019
  },
  "tolerance": 0.1,
  "aer_shots": 100000
}
