{
  "expected": {
    "000000000": 0.49619,
    "111110000": 0.50381
  },
  "tolerance": 0.1,
  "aer_shots": 100000
}
