{
  "expected": {
    "11100": 0.49885,
    "00000": 0.50115
  },
  "tolerance": 0.1,
  "aer_shots": 100000
}
